,start_text,start_index,end_text,end_index,text,timestamp,start,end
1,S T E N O G R A M A,0,ședinței Senatului din 31 octombrie 2022,21, ,"(330.0, 6654.74)",330.0,6654.74
2,ședinței Senatului din 31 octombrie 2022,21,S U M A R,65, ,"(330.0, 6654.74)",330.0,6654.74
3,S U M A R,65,S T E N O G R A M A,3689, unu adoptarea tacita prin implinirea termenului pentru dezbatere si adoptare la trei douazeci si patru si douazeci si noua octombrie doua mii douazeci si doi a unor initiative legislative doi dezbaterea si adoptarea proiectului de lege pentru denuntarea acordului patru cinci interguvernamental privind infiintarea bancii internationale de investitii si a treizeci si trei treizeci si patru statutului acesteia semnate la moscova la zece iulie o mie noua sute saptezeci si a protocolului de modificare a acordului privind infiintarea bancii internationale de investitii si a statutului acesteia semnate la zece iulie o mie noua sute saptezeci la moscova deschis spre semnare la opt mai doua mii paisprezece la havana si semnat de romania la unu iulie doua mii cincisprezece la moscova din legea nr patruzeci si sapte o mie noua sute nouazeci si doi privind organizarea si functionarea curtii constitutionale republicata ,"(770.0, 823.0)",770.0,823.0
4,S T E N O G R A M A,3689,ședinței Senatului din 31 octombrie 2022,3710, ,"(330.0, 6654.74)",330.0,6654.74
5,ședinței Senatului din 31 octombrie 2022,3710,Doamna Alina-Ștefania Gorghiu:,3984, sedinta a inceput la ora cincisprezece sase lucrarile sedintei au fost conduse de doamna alina stefania gorghiu vicepresedinte al senatului asistata de domnul ion mocioalca si domnul eugen pirvulescu secretari ai senatului ,"(330.0, 6654.74)",330.0,6654.74
6,Doamna Alina-Ștefania Gorghiu:,3984,Domnul Radu-Mihai Mihail:,7398, stimati colegi dati mi voie sa declar deschisa sedinta plenului de astazi treizeci si unu octombrie doua mii douazeci si doi voi conduce aceasta sedinta impreuna cu colegii nostri secretari domnul senator eugen pirvulescu si domnul senator ion mocioalca o sa va rog sa luati loc in banci cine este la balcon sa i salutam doreste cineva sa ne spuna ce invitati avem la balcon colegii nostri eu va spun colegii nostri de la bacau si colegii nostri de la galati dar as fi vrut sa fie prezenti si colegii senatori sa i introduca sper sa aveti ocazia sa ascultati o sedinta placuta bine ati venit avem un raport comun al comisiei de buget finante activitate bancara si piata de capital si comisia pentru politica externa acest raport este de admitere cu amendamente admise a proiectului de lege acest proiect face parte din categoria legilor ordinare si il vom adopta cu votul majoritatii senatorilor prezenti important este ca suntem camera decizionala daca la dezbateri generale din partea grupurilor parlamentare exista doritori pentru a lua cuvantul nu exista exista domnul radu mihail domnul senator liderul grupului usr aveti cuvantul ,"(660.0, 686.0)",660.0,686.0
7,Domnul Radu-Mihai Mihail:,7398,Doamna Alina-Ștefania Gorghiu:,8628, multumesc doamna presedinta acordul asupra caruia trebuie sa ne pronuntam de a iesi din el a fost conceput si discutat si negociat intr o perioada in care inca mai credeam cu totii ca actualul regim din federatia rusa poate sa mearga pe calea unei concordii internationale si sa respecte legislatia internationala din pacate in ultimele doua sute cincizeci de zile a fost clar ca regimul putin din federatia rusa nu are niciun gand sa se incadreze in functionarea normala a unui stat care respecta dreptul international drept pentru care sustinem masura propusa in initiativa legislativa si mai mult decat atat astazi am depus la birourile permanente a celor doua camere din partea grupului usr o propunere de declaratie a parlamentului romaniei care sa ia la cunostinta care sa recunoasca o evidenta in acest moment ca regimul din rusia regimul putin este un regim care sprijina terorismul si trebuie sa fie vazut ca atare mai ales de romania care este atat de aproape de acest conflict de aceasta agresiune a regimului rus si sper ca toti vom fi solidari si vom recunoaste aceasta fateta de neiertat a regimului actual din rusia un regim terorist multumesc ,"(876.0, 956.0)",876.0,956.0
8,Doamna Alina-Ștefania Gorghiu:,8628,Domnul Cristian-Augustin Niculescu-Țâgârlaș:,8983, multumesc daca aveti alte interventii din partea celorlalte grupuri parlamentare nefiind punctul unu al ordinii de zi domnule tagarlas doriti pe procedura va rog dar atunci nemaifiind interventii pe punctul acesta pot sa l las la vot final da in regula va rog va invit pe procedura aveti cuvantul ,"(968.0, 2174.0)",968.0,2174.0
9,Domnul Cristian-Augustin Niculescu-Țâgârlaș:,8983,Doamna Alina-Ștefania Gorghiu:,10238, doamna presedinte nu vizeaza acest punct de pe ordinea de zi ci punctul nr noua este o solicitare de retrimitere la comisie am verificat termenul daca ne acordati daca plenul va acorda un termen de o saptamana ne incadram astfel incat sa nu treaca tacit motivatia pentru retrimiterea la comisie este faptul ca nu a fost analizata suficient aceasta initiativa care este de altfel din punctul meu de vedere foarte buna echivalarea dreptului de folosinta asupra terenurilor ocupate de catre locasurile de cult de catre biserici cu dreptul de concesiune eu cred ca trebuie sustinuta biserica indiferent de ritul ei si trebuie sustinuti toti cei care merg la biserica iar pentru asta trebuie sa le acordam terenurile gratuite pentru ca am facut asta cu foarte multe unitati de cult nu inteleg de ce sa facem diferenta juridica intre dreptul de concesiune si folosinta gratuita mai ales ca am adus si un amendament la acest proiect in sensul in care am stabilit ca concesiunea se refera doar la domeniul privat al statului roman si nu afectam domeniul public al statului roman va multumesc doamna presedinte si va rog sa supuneti la vot aceasta cerere de retrimitere la comisie ,"(988.0, 1050.0)",988.0,1050.0
10,Doamna Alina-Ștefania Gorghiu:,10238,Domnul Raoul-Adrian Trifan:,12353, voi supune va rog sa pregatiti cartelele voi supune solicitarea grupului pnl votului dumneavoastra cu precizarea ca termenul ma uit acum la punctul noua este termenul de adoptare tacita douazeci si trei unsprezece deci ar fi timp sa l intoarcem la comisie fara sa trecem de adoptarea tacita stimati colegi supun votului dumneavoastra o sa va rog sa introduceti cartele de vot si va supun cererea de retrimitere la comisie asa cum a formulat o domnul tagarlas cat ati spus doua saptamani o saptamana multumesc va rog sa votati cu saptezeci si patru pentru impotriva douazeci si doi nicio abtinere punctul noua l616 a fost retrimis la comisie pentru o saptamana trecem la urmatorul punct al ordinii de zi vorbim de proiectul de lege pentru denuntarea conventiei privind decontarile multilaterale in ruble transferabile si organizarea bancii internationale de colaborare economica incheiata la moscova la douazeci si doi octombrie o mie noua sute saizeci si trei si a protocolului semnat la moscova la optsprezece decembrie o mie noua sute nouazeci de modificare a conventiei privind decontarile multilaterale in ruble transferabile si organizarea bancii internationale de cooperare economica precum si a statutului acestei banci raportul comisiei pentru transporturi este de admitere cu amendamente admise a proiectului de lege privind aprobarea ordonantei proiectul de lege face parte din categoria legilor ordinare senatul este de data aceasta prima camera sesizata declar deschise dezbaterile stimati colegi va invit domnule senator trifan la microfon ,"(1054.0, 1160.0)",1054.0,1160.0
11,Domnul Raoul-Adrian Trifan:,12353,Doamna Alina-Ștefania Gorghiu:,13308, multumesc doamna presedinta aici avem o lege de aprobare a unei ordonante asa numita trenulet dupa cum am mai vazut de multe ori foarte multe acte normative lipite unul de altul care contin foarte multe prevederi desi contin prevederi din foarte multe domenii daca este sa vorbim despre acest act observam ca a avut raport doar la comisia de transporturi asta desi contine prevederi care tin de garantii pentru investitii in infrastructura publica de ce nu a fost la raport si la buget finante sau la administratie nimeni nu stie dragi colegi noi legiferam in acest parlament superficial si pe repede inainte iar dupa aceea venim si ne plangem ca in romania legifereaza puterea executiva iata o dovada de cum nu ar trebui sa legiferam din punctul nostru de vedere acest raport este incomplet pentru ca a fost la raport doar la o singura comisie iar noi ne vom abtine va multumesc ,"(1240.0, 1289.0)",1240.0,1289.0
12,Doamna Alina-Ștefania Gorghiu:,13308,Domnul Aurel Oprinoiu:,14397, in regula daca din partea celorlalte grupuri mai exista interventii daca nu punctul trei va ramane la vot final vreau sa fac precizarea asa cum se cuvine inainte sa plece din partea domnului senator de galati presedintele comisiei pentru agricultura george scarlat la balcoanele senatului se afla clasa a ix a din partea colegiului national vasile alecsandri vorbim de locul ii la nivel national in anul scolar doua mii douazeci doua mii douazeci si unu astazi au venit sa ne viziteze felicitari domnule senator pentru initiativa le multumim de vizita colegilor constat insa ca nu s a depus raportul pe acest proiect de lege motiv pentru care va rog pe procedura vreti sa ne comunicati ceva va rog ,"(1298.0, 1329.0)",1298.0,1329.0
13,Domnul Aurel Oprinoiu:,14397,Doamna Alina-Ștefania Gorghiu:,15637, multumesc doamna presedinta de sedinta stimati colegi proiectul pentru aprobarea acestei ordonante de urgenta va trece tacit joi ordonanta produce deja efecte catastrofale asupra cetatenilor piata de lemn s a blocat masurile sunt deja in vigoare fiind o ordonanta de urgenta rezultatul nu mai sunt lemne in piata aceasta ordonanta a produs si produce in continuare efecte exact invers fata de cele preconizate cand aceasta ordonanta a fost adoptata ce s a intamplat azi in comisie este inadmisibil o alta amanare care va adanci criza si mai mult usr a venit cu o solutie clara cea cu tichete valorice pe care colegii din comisie au apreciat o solutia de ajutor a categoriilor consumatorilor vulnerabili si a institutiilor publice intr un sistem de vouchere doamna presedinta de sedinta propun mentinerea pe ordinea de zi a proiectului si sustinerea unui vot pe aceasta ordonanta chiar daca comisiile reunite nu au depus un raport daca nu am reusit sa ajungem la o concluzie in timp util este de datoria noastra sa votam impotriva acestei ordonante daca va trece tacit acest oug nu va putea suferi modificari considerabile la camera decizionala a camerei deputatilor ,"(1376.0, 1446.0)",1376.0,1446.0
14,Doamna Alina-Ștefania Gorghiu:,15637,Domnul Aurel Oprinoiu:,15869, domnule senator deja dumneavoastra sunteti de doua minute in dezbateri pe fond am inteles solicitarea dumneavoastra vreti sa dezbatem aceasta initiativa astazi si va multumesc pentru propunere ,"(2173.0, 3862.34)",2173.0,3862.34
15,Domnul Aurel Oprinoiu:,15869,Doamna Alina-Ștefania Gorghiu:,15938, nu ceea ce sa supunem la vot fara raport ,"(1467.0, 1467.0)",1467.0,1467.0
16,Doamna Alina-Ștefania Gorghiu:,15938,Domnul Aurel Oprinoiu:,16026, am inteles foarte bine propunerea pe care ati facut o ,"(1470.0, 1470.0)",1470.0,1470.0
17,Domnul Aurel Oprinoiu:,16026,Doamna Alina-Ștefania Gorghiu:,16108, aceasta ordonanta trebuie s o respingem va multumesc ,"(2173.0, 2174.0)",2173.0,2174.0
18,Doamna Alina-Ștefania Gorghiu:,16108,Domnul Liviu-Lucian Mazilu:,17388, multumesc tare mult pentru propunere dumneavoastra stiti ca in regulament din pacate nu exista aceasta procedura de a dezbate initiative legislative fara raport si deja mi se pare neserios ca pe o ordonanta atat de importanta sa facem fara raportul colegilor dezbateri ca atare neavand text in regulament chiar nu pot sa supun procedura dumneavoastra propunerea dumneavoastra votului constat ca la punctul patru nu este raport va ramane la vot final va ramane la latitudinea comisiei daca va decide ce va decide altfel joi asa cum spuneti dumneavoastra trece prin adoptare tacita la punctul cinci al ordinii de zi propunerea legislativa privind unele masuri pentru continuarea domnule palarie haideti ca dumneavoastra vociferati de obicei din sala si n aveti eleganta sa veniti la microfon aratati mi articolul care reglementeaza aceasta procedura si atunci voi supune la vot pana atunci va fi foarte complicat sa nu respect regulamentul chiar daca mi cere grupul usr cu tot respectul pentru faptul ca nu cunoasteti regulamentul la punctul cinci al ordinii de zi avem propunerea legislativa privind unele masuri pe procedura domnule mazilu aveti cuvantul ,"(1474.0, 1535.0)",1474.0,1535.0
19,Domnul Liviu-Lucian Mazilu:,17388,Doamna Alina-Ștefania Gorghiu:,18902, multumesc doamna presedinta ma simt dator sa intervin in calitate de presedinte al comisiei de ape si paduri care am condus si astazi si saptamana trecuta si acum doua saptamani sedintele reunite ale comisiilor reunite de ape paduri si comisia economica a senatului pe ordonanta despre care s a facut vorbire au fost discutii indelungi de mai mult de doua ore la fiecare sedinta s au audiat toate partile implicate astfel ca am avut placerea sa avem si pe cei de la romsilva in discutii au aparut amendamente la fiecare sedinta inclusiv astazi a aparut un set de amendamente din partea colegilor udmr toate aceste amendamente presupun un alt sistem practic se aduce in discutie compensarea ceea ce presupune surse de finantare suplimentare nu cred ca noi aici putem dezbate in zece cincisprezece minute ceea ce nu am reusit in mai bine de cinci ore sau sase ore in comisii sa lamurim cu totii astazi am cazut de acord ca este nevoie de precizari suplimentare si de raspunsuri pe care sa le aduca ministerele implicate sa si dea un acord sau sa si spuna o parere despre amendamentele aduse a fost propunere din partea colegilor din trei grupuri parlamentare sa amanam lucrarile astazi am supus la vot aceasta propunere si a trecut fara niciun vot impotriva si fara niciun fel de abtinere pentru ca cu totii am cazut de acord ca sunt necesare lamuriri suplimentare atat am avut de precizat multumesc in rest cred ca regulamentul trebuie respectat multumesc ,"(1547.0, 1639.0)",1547.0,1639.0
20,Doamna Alina-Ștefania Gorghiu:,18902,Domnul Radu-Mihai Mihail:,19053, multumesc pe procedura va ascult cu drag imediat domnule lider cu mare placere aveti cuvantul dupa ,"(1644.0, 2174.0)",1644.0,2174.0
21,Domnul Radu-Mihai Mihail:,19053,Doamna Alina-Ștefania Gorghiu:,19913, va multumesc doamna presedinta as completa ce s a spus cu privire la aceasta la solicitarea pe care am avut o de a avea un vot in senat pe acest proiect sa fim foarte precisi avem o ordonanta de urgenta care creeaza efecte negative le stiti toti le ati vazut este evident e o tragedie avem doua variante ori o lasam sa treaca tacit cum propune acum majoritatea si va continua sa isi produca aceste efecte negative ori demonstram responsabilitate si asa cum am facut intotdeauna plenul este suveran si poate decide sa respinga o lege e foarte simplu haideti sa avem aceasta oportunitate sa aratam ca senatul romaniei este intr adevar interesat de ce se intampla cu romanii care nu au lemne haideti sa respingem ordonanta acum e simplu puteti sa o faceti regulamentul ne permite multumesc ,"(1654.0, 1706.0)",1654.0,1706.0
22,Doamna Alina-Ștefania Gorghiu:,19913,Domnul Turos Lóránd:,20029, il invit la microfon pe liderul grupului udmr microfonul doi va rog sa l porniti ,"(3446.34, 3450.34)",3446.34,3450.34
23,Domnul Turos Lóránd:,20029,Doamna Alina-Ștefania Gorghiu:,20413, va multumesc doamna presedinte azi am fost prezent in aceasta sedinta comuna asa cum a spus domnul presedinte am avut amendamente am discutat toate amendamentele si cu totii am hotarat sa amanam sa imbunatatim aceasta ordonanta de urgenta inclusiv domnii de la usr au votat pentru amanare in trei ore v ati razgandit stimati colegi va multumesc ,"(1718.0, 1743.0)",1718.0,1743.0
24,Doamna Alina-Ștefania Gorghiu:,20413,Domnul Claudiu-Richard Târziu:,20515, tot pe procedura il invit pe liderul aur va rog domnule senator ,"(1750.0, 1755.0)",1750.0,1755.0
25,Domnul Claudiu-Richard Târziu:,20515,Doamna Alina-Ștefania Gorghiu:,22833, vedeti ce se intampla de fiecare data cand apare un subiect foarte greu pe agenda publica asupra caruia si noi suntem obligati sa ne pronuntam se gasesc tot felul de subterfugii parlamentare pentru a evita sau a amana o pozitionare si un vot in legislativul tarii am mai atras atentia de nenumarate ori aici ca parlamentul a devenit o anexa a guvernului si ca suntem pusi intr o postura penibila si nejustificata nici de constitutie nici de nimic altceva de a confirma ce hotaraste guvernul ce legifereaza guvernul de aceea sunt si eu de acord sa ne pronuntam ca plen suveran asupra acestei legi indiferent ca nu exista un raport al comisiilor de specialitate care ce sa vezi nu au avut suficient timp sa dezbata pe fond sa amendeze si sa dea un raport fie el negativ sau pozitiv plenului pentru a vota aceasta lege care fie va respinge ordonanta de guvern fie o va aproba o ordonanta care este criminala a blocat piata lemnului si mai mult decat atat ca nu sunt ingrijorat atat pentru comercianti cat pentru oamenii de rand care se incalzesc cu lemne sunt mai mult de jumatate din gospodariile acestei tari care sunt incalzite cu lemne si cu derivate din lemne cu produse din rumegus si alte lucruri de felul asta or in conditiile in care aceasta ordonanta i a facut pe comercianti sa nu mai produca sa nu mai importe si sa nu mai scoata din depozite la vanzare lemnul de foc brichetele peletii si toate celelalte produse cu care mai functioneaza sobele si centralele din romania ar trebui sa o respingem imediat si sa oferim o solutie viabila pentru incalzirea pe timp de iarna a romanilor noi ce facem preferam sa asteptam sa treaca tacit sa si produca in continuare efectele nenorocite asupra romanilor si ne am spalat pe maini sa se descurce colegii deputati asta este responsabilitatea camerei superioare a parlamentului eu cred ca nu de aceea insist stiu dragi colegi din arcul guvernamental ca este destul de greu si pentru dumneavoastra si va inteleg fara niciun fel de ironie sa incercati sa reparati aici toate prostiile guvernului pentru ca si in aceasta chestiune ca si in chestiunea dereglementarii pietei energiei am ajuns intr un blocaj prin faptele si actele guvernului dumneavoastra ,"(1757.0, 1960.0)",1757.0,1960.0
26,Doamna Alina-Ștefania Gorghiu:,22833,Domnul Claudiu-Richard Târziu:,22915, va multumesc domnule lider fiind o procedura ,"(2173.0, 2174.0)",2173.0,2174.0
27,Domnul Claudiu-Richard Târziu:,22915,Doamna Alina-Ștefania Gorghiu:,22971, deci revin si inchei ,"(1969.0, 1969.0)",1969.0,1969.0
28,Doamna Alina-Ștefania Gorghiu:,22971,Domnul Claudiu-Richard Târziu:,23012, va rog ,"(1050.0, 1076.0)",1050.0,1076.0
29,Domnul Claudiu-Richard Târziu:,23012,Doamna Alina-Ștefania Gorghiu:,23237, va rog foarte mult sa supuneti la vot daca intra la vot final astazi aceasta lege chiar fara raport pentru ca noi deja avem o pozitionare politica cu totii putem s o estimam multumesc ,"(1971.0, 1983.0)",1971.0,1983.0
30,Doamna Alina-Ștefania Gorghiu:,23237,Domnul Ioan Deneș:,24306, am inteles propunerea dumneavoastra va multumesc dat fiind faptul ca ma rugati o sa rog plenul sa fie dati mi voie inainte de alte interventii pe procedura existand deja o propunere de a introduce pe ordinea de zi fara raport si a dezbate fara raport nefiind o procedura regulamentara eu va supun la vot daca sunteti de acord sa demaram aceasta procedura sau nu si cum spuneau colegii nostri plenul e suveran daca veti fi de acord prin vot imediat dupa vot cu mare placere va dau cuvantul colegi senatori rog sa votati propunerea facuta de liderul usr sustinuta de colegul lider de la aur rog vot cu treizeci si opt de voturi pentru impotriva saizeci si cinci nu votez unul propunerea dumneavoastra a picat o sa rog dumneavoastra sunteti doi de la psd pentru explicarea votului da dar pe procedura vrea domnul denes inainte si avea prioritate pe procedura si pe urma o sa va dau cuvantul si pe explicarea votului si o sa va rog concis pentru ca deja am dat un vot a fost respinsa initierea celor doi ,"(1986.0, 2026.0)",1986.0,2026.0
31,Domnul Ioan Deneș:,24306,Doamna Alina-Ștefania Gorghiu:,25322, multumesc doamna presedinte doar un minut chiar daca noi astazi am respinge aceasta ordonanta ea ar merge la camera deputatilor si ar urma calea legislativa pe care o stim prin incalcarea regulamentului cum bine ati spus ordonanta isi face efectele asta i realitatea si stiti foarte bine stimati colegi ca in cadrul comisiilor reunite eu am avut o pozitie nuantata in ceea ce priveste ordonanta si speranta mea si nu numai speranta dupa discutiile care au fost azi in cadrul comisiei cred ca intr un timp foarte scurt cei care pot sa rezolve aceasta problema repede urmand bineinteles ca ulterior sa si urmeze si acea solutie calea legislativa sa vina cu o solutie mai buna sau o solutie care sa rezolve cu adevarat problema lemnelor de foc din romania oricum acele amendamente care au venit astazi si saptamana trecuta in comisiile reunite nu ar rezolva problema cu adevarat in integralitate a lemnelor de foc sau a crizei lemnelor de foc din romania multumesc ,"(2100.0, 2174.0)",2100.0,2174.0
32,Doamna Alina-Ștefania Gorghiu:,25322,Domnul Eugen Pîrvulescu (de la prezidiu):,25510, va multumesc pe procedura va rog numai ca insist sa va amintesc ca tocmai ce am terminat cu acest aspect si ca as vrea sa trecem la punctul urmator ,"(2173.0, 2176.0)",2173.0,2176.0
33,Domnul Eugen Pîrvulescu (de la prezidiu):,25510,Doamna Alina-Ștefania Gorghiu:,25585, motivarea votului ,"(2187.0, 2187.0)",2187.0,2187.0
34,Doamna Alina-Ștefania Gorghiu:,25585,Doamna Diana Iovanovici-Șoșoacă:,25667, motivarea votului daca doriti cu mare placere ,"(2187.0, 2187.0)",2187.0,2187.0
35,Doamna Diana Iovanovici-Șoșoacă:,25667,Doamna Alina-Ștefania Gorghiu:,26538, multumesc frumos ca avocat respect legile dura lex sed lex in cazul acesta insa eu am vazut in parlament cum regulamentul este incalcat de fiecare data nu ar fi fost prima initiativa care sa fie votata fara raport pe de alta parte nu pot sa nu observ faptul ca astazi din spusele dumneavoastra la comisie s au depus amendamente ceea ce inseamna ca special ati facut acest lucru tocmai pentru a intarzia la vot aceasta lege care convine coalitiei si in niciun caz poporului roman deci o faceti expres este cu premeditare dar totusi avem exemple in senat legile justitiei ca in pe repede inainte intr un sfert de ora ati facut un raport pe cinci sute si ceva de amendamente si ati votat pe repede inainte deci ubi lex ibi societas ubi societas ibi lex asa lege asa societate asa societate asa lege ,"(2192.0, 2258.0)",2192.0,2258.0
36,Doamna Alina-Ștefania Gorghiu:,26538,Domnul Cristinel-Gabriel Berea:,27576, ca sa restabilim adevarul inchid dezbaterile aici cu tot respectul stiu ca fiecare vrea sa se auda de o mie de ori dar pe procedura nu mai aveti dreptul ca tocmai ce terminaram proiectul insist sa va spun a picat la vot propunerea cu tot respectul incercati sa respectati plenul asta nu ne mai auzim de o mie vreau sa va spun un singur lucru aratati mi un singur proiect care a fost votat fara raport in plenul senatului nu exista asta ca sa stiti adevarul fara alte comentarii la punctul cinci al ordinii de zi avem propunerea legislativa privind unele masuri pentru continuarea activitatii pe functii de executie de catre persoanele care indeplinesc conditiile de pensionare raportul comisiei pentru munca familie si protectie sociala este de respingere a propunerii legislative propunerea face parte din categoria legilor organice senatul este prima camera sesizata invit colegii senatori sa ia cuvantul domnule senator berea aveti cuvantul ,"(2263.0, 2315.0)",2263.0,2315.0
37,Domnul Cristinel-Gabriel Berea:,27576,Doamna Alina-Ștefania Gorghiu:,29172, doamnelor si domnilor senatori stimati colegi stiati ca in romania exista institutii publice conduse de persoane care au peste saptezeci de ani dar stiati ca exista in romania institutii publice care sunt conduse de persoane care au peste optzeci de ani da exista proiectul de fata prevede ca in momentul in care ai atins varsta standard de pensionare saizeci si cinci de ani sa ai doua optiuni una ramai in sistem dar doar pe functii de executie sau doi iesi la pensie si ti uram o pensie lunga si frumoasa atentie proiectul se aplica doar celor care lucreaza in sistemul bugetar in felul asta permitem unui profesor bun sa continue sa predea permitem unui doctor bun sa continue sa opereze unui cercetator bun sa si continue munca de cercetare dar fara sa ocupe functii de conducere in felul asta eliminam dinozaurii din institutiile publice din romania proiectul a obtinut multe avize favorabile inclusiv din partea consiliului legislativ deci nu nu este un proiect neconstitutional dar din pacate raportul a iesit nefavorabil si ma surprinde lucrul asta ma surprinde votul colegilor din pnl pentru ca acum un an si ceva colegii din pnl au depus un proiect care interzicea cumulul pensiei cu salariu dupa un an si ceva de alianta cu psd ul se pare ca colegii s au murdarit de psd ism sau la fel cum a spus domnul ciolacu le a curs tot timpul sange de pesedist prin vene ca sa concluzionez stimati colegi din pnl am sa va rog ca in momentul in care veti vota proiectul asta sa va amintiti ca odata ati fost liberali ,"(2329.0, 2392.0)",2329.0,2392.0
38,Doamna Alina-Ștefania Gorghiu:,29172,Domnul Virgil Guran:,29369, a ajuns usr sa citeasca din domnul ciolacu e o treaba interesanta domnul virgil popescu domnul vicepresedinte virgil guran are cuvantul popescu iti dau miel ,"(2436.0, 2442.0)",2436.0,2442.0
39,Domnul Virgil Guran:,29369,Doamna Alina-Ștefania Gorghiu:,31449, sigur nu sunt virgil popescu n as vrea sa fiu stimati vreau sa fiu cine sunt si atat stimati colegi am inteles ca cei din pnl ne am murdarit sau nu stiu ce am facut eu va spun un lucru eu stiu ca scuzati mi termenul daca esti prost de tanar ramai asa nu prea am auzit de oameni care pe parcursul vietii au fost destepti si s au prostit da cand ajungi la batranete din pacate uneori nu mai ai acea capacitate este adevarat domnilor institutiile din romania nu o duc rau ca sunt conduse de catre oameni mai in varsta uneori o duc rau ca sunt conduse de incompetenti e adevarat ca incompetenti exista si la douazeci si cinci de ani si la treizeci de ani poate dumneavoastra acum ca sunteti tanar na ziceti ca aveti atuul de a fi destept eu sunt de acord cu dumneavoastra ca va cunosc ca sunteti un tip inteligent dar nu cred eu ca o anumita varsta deja te duce spre prostie spre incompetenta de asta am sustinut noi ca trebuie evaluat omul si cel tanar si cel in varsta si sa punem pe cei care sunt in stare sa conduca nu cred ca ideea asta restrictiva cu care vine usr ul ne ajuta cu ceva asta poate doar ca intr adevar cei tineri spun uneori ma sa ne mai lase astia ca si au trait traiul si au mancat malaiul nu este o solutie stimati colegi tineretea nu este doar tineretea un atu inteligenta este un atu intr adevar dar asta e ori din nastere ori poate se cultiva nu stiu cred ca asa trebuie sa punem problema nu sa venim sa jignim intr un fel cu toate ca nu stiu psd ul ne murdariti asa sau ce se intampla nu cred ca exista termenul acesta ca un partid il murdareste pe celalalt sau ceva de genul asta eu am o teorie foarte clara in toate partidele sunt si oameni inteligenti si oameni rau intentionati important e sa conduca cei care trebuie asa ca poate cu timpul si colegi de la usr capata aceasta experienta si isi dau seama ca de fapt in viata conteaza foarte mult sa ai si experienta si diplomatie si inteligenta nu doar avant tineresc va multumesc ,"(2447.0, 2547.0)",2447.0,2547.0
40,Doamna Alina-Ștefania Gorghiu:,31449,Doamna Liliana Sbîrnea:,31617, in regula o invit la microfon pe doamna senator liliana sbirnea din partea grupului psd microfonul trei o sa va rog sa l deschideti ,"(1971.0, 3450.34)",1971.0,3450.34
41,Doamna Liliana Sbîrnea:,31617,Doamna Alina-Ștefania Gorghiu:,32690, va multumesc frumos doamna presedinta sunt uimita de aceasta initiativa legislativa pentru ca toti incercam sa privim cu optimism si cu speranta uneori privim chiar cu invidie catre vest haideti sa ne uitam un pic si sa vedem biden saptezeci si noua de ani trump saptezeci si unu de ani sunt oameni in varsta care conduc tari dar nu poate un profesor de saizeci si cinci de ani sa ocupe o functie de director cum e posibil asa ceva sa spuneti asa ceva dragi colegi ma indrept venind din sistemul de educatie si amintindu mi faptul ca ati avut o initiativa prin care atunci cand erati la guvernare ati desfiintat registrul expertilor in management educational doar ca sa participe la examen unii care n au avut niciun curs de management bineinteles nu au avut rezultate nici la examenul de management aveti o problema cu directorii din sistemul de educatie nu stiti cum sa i schimbati mai repede nu este in regula ceea ce propuneti mai ales ca va indreptati cu orice pret catre acesti oameni educati multumesc frumos ,"(2628.0, 2695.0)",2628.0,2695.0
42,Doamna Alina-Ștefania Gorghiu:,32690,Doamna Diana Iovanovici-Șoșoacă:,32837, in regula doamna senator sosoaca va invit la microfonul trei in continuare lasati deschis microfonul trei va rog ,"(1971.0, 3450.34)",1971.0,3450.34
43,Doamna Diana Iovanovici-Șoșoacă:,32837,Doamna Alina-Ștefania Gorghiu:,33249, multumesc am zambit cand domnul guran a spus ca in fiecare partid sunt oameni inteligenti si oameni rau intentionati dar trebuie sa conduca cine trebuie domnule guran cu toata condescendenta pe care o am fata de dumneavoastra va inteleg ca trebuie sa conduca cine trebuie dar nu credeti ca ar trebui sa conduca oamenii inteligenti si competenti si nu cine trebuie ,"(2711.0, 2736.0)",2711.0,2736.0
44,Doamna Alina-Ștefania Gorghiu:,33249,Doamna Diana Iovanovici-Șoșoacă:,33307, si pe proiect poate ne ,"(2744.0, 2744.0)",2744.0,2744.0
45,Doamna Diana Iovanovici-Șoșoacă:,33307,Doamna Alina-Ștefania Gorghiu:,33363, pai pe proiect era ,"(2748.0, 2748.0)",2748.0,2748.0
46,Doamna Alina-Ștefania Gorghiu:,33363,Doamna Diana Iovanovici-Șoșoacă:,33436, un pic si pe proiect ,"(2744.0, 2744.0)",2744.0,2744.0
47,Doamna Diana Iovanovici-Șoșoacă:,33436,Doamna Alina-Ștefania Gorghiu:,33560, era dansul trebuia sa eu totusi sunt febletea dansului acum trebuia sa i raspund da ,"(2748.0, 5127.34)",2748.0,5127.34
48,Doamna Alina-Ștefania Gorghiu:,33560,Doamna Diana Iovanovici-Șoșoacă:,33668, stiu si reciproc e doamna senator nu doar unilateral ,"(2569.0, 2755.0)",2569.0,2755.0
49,Doamna Diana Iovanovici-Șoșoacă:,33668,Doamna Alina-Ștefania Gorghiu:,36686, multumesc sper ca m ati inteles imediat domnule guran v am pronuntat numele o sa aveti si drept la replica sunt sigura ca doamna presedinte o sa va dea si dreptul la replica dar pe proiect ma asteptam sa vad in acest proiect ca nu va referiti doar la bugetari pentru ca in ceea ce priveste bugetarii cincizeci din ei sunt ineficienti nu au ce cauta insa le faceti posturi pentru ca trebuie recompensati ca v au ajutat in campania electorala de a lungul celor patru ani si asa mai departe de exemplu cand domnul ciuca a venit in calitate de prim ministru in primele doua luni a mai facut vreo treisprezece cinci sute paisprezece zero de locuri de munca pe la buget interesant si totusi tara asta este disfunctionala este anarhica asa functioneaza ea m as fi asteptat sa vad un astfel de proiect prin care sa prelungiti varsta de activitate a magistratilor sa iasa la saizeci si cinci saptezeci de ani de ce pai dumneavoastra ii pensionati exact cand ajung la capacitatea maxima atunci cand au cunostintele necesare cand stiu ce au de facut cand sunt profesionisti adevarati ma asteptam de exemplu spuneati de bugetari de medici va spun ca am venit cu o doamna medic de familie care are saptezeci de ani nu i arata are o forta extraordinara si am venit la domnul profesor doctor streinu cercel cu o solicitare de prelungire a acestei varste de pensionare a medicilor pentru ca in toate celelalte tari acesti medici lucreaza pana cand efectiv nu le mai rezista organismul la solicitarea lor se pensioneaza asta ar fi fost dumneavoastra da poate este bine dintr un punct de vedere dar va referiti strict la bugetari si atunci discriminati partile celelalte si mai mult decat atat discriminati persoanele varstnice punandu le o impotenta mentala de a mai conduce o institutie ceea ce nu poate fi acceptat si va dau exemple de oameni extraordinari care sunt trecuti de varsta senectutii si au o minte mult mai buna si capacitate de conducere si competente pe care nu le au nici tinerii nici maturii nici adulti de patruzeci cincizeci de ani uitati va de exemplu domnul general teodoru la nouazeci si opt de ani ati vazut cumva la dansul ca nu ar fi capabil sa conduca vreo institutie doar ca se deplaseaza mai greu atunci ce facem persoanelor cu handicap le limitam accesul la un loc de munca la o functie de conducere nu problema nu este asta problema este dati afara cincizeci din bugetari lasati oamenii sa faca locuri de munca lasati investitorii romani sa produca locuri de munca vin nenumarati oameni din afara granitelor tari romanii nostri se repatriaza chiar acum in drum spre senat am fost sunata mi s a spus nu este lasat de anumiti conducatori din partide din judetul respectiv e vorba de brasov sa si faca o firma de transport asta e problema si pe urma duceti varsta de pensionare cat vrea omul cat poate sa duca evident urmarindu i capacitatile si starea sanatatii cat de ok este va multumesc frumos ,"(2758.0, 2976.0)",2758.0,2976.0
50,Doamna Alina-Ștefania Gorghiu:,36686,Domnul Virgil Guran:,36778, in regula domnule guran aveti drept la replica va rog ,"(2976.0, 2980.0)",2976.0,2980.0
51,Domnul Virgil Guran:,36778,Doamna Alina-Ștefania Gorghiu:,37216, doamna sosoaca vad ca pana la urma mi ati dat dreptate asa ca eram pregatit cu replica sa va spun sa fiti consecventa pai data trecuta mi ati promis ca la batranete ma luati consilier la cotroceni acum daca se va vota legea asta nu ma mai puteati lua dar mi ati dat dreptate asa ca ma abtin atata cred ca intre noi e dragoste cu nabadai dupa cum vad multumesc ,"(2986.0, 3002.0)",2986.0,3002.0
52,Doamna Alina-Ștefania Gorghiu:,37216,Doamna Anca Dana Dragu:,38012, facem o sedinta separata pentru cei doi colegi ca sa terminam ordinea de zi va rog astazi va multumesc punctul cinci ramane la vot final punctul sase propunerea legislativa pentru completarea ordonantei guvernului nr o suta treizeci si sapte doua mii privind raport comun al comisiei juridice si comisiei pentru drepturile omului este de admitere cu amendamente admise si respinse a propunerii legislative propunerea face parte din categoria legilor ordinare senatul este prima camera sesizata dezbateri generale exista inscrieri la cuvant doamna presedinta anca dragu aveti cuvantul ,"(3008.0, 5544.34)",3008.0,5544.34
53,Doamna Anca Dana Dragu:,38012,Doamna Alina-Ștefania Gorghiu:,39506, multumesc doamna presedinta este vorba despre o initiativa legislativa care se ocupa de prevenirea si combaterea segregarii in scoli si nu numai in scoala primara sau gimnaziala ci in tot parcursul educational de la gradinita si pana la facultate da segregare exista si cred ca stim cu toti acest lucru cu totii auzim de situatii in care copiii sunt supusi segregarii au un tratament discriminatoriu din motive de etnie din motive de dizabilitati si alte motive ni se rupe sufletul stim ca exista aceste situatii incercam sa ajutam cum putem acum putem ajuta printr o initiativa legislativa trebuie sa spunem ca exista in legislatie la nivelul unitatilor scolare acest concept dar la nivelul legislatiei secundare aceasta initiativa legislativa aduce segregarea condamna de fapt segregarea intr o initiativa primara intr o legislatie primara si cred ca este datoria noastra a parlamentului romaniei sa transmitem acest mesaj catre societate ca segregarea trebuie sa inceteze ca toti copiii au dreptul la aceleasi conditii de scoala indiferent de mediul din care provin de limba de religie de faptul ca au dizabilitati toti copiii au dreptul la educatie in aceleasi conditii grupul usr va vota pentru aceasta initiativa si va indemn si pe dumneavoastra sa faceti acelasi lucru vreau sa va mai spun ca am discutat cu specialistii de la cncd si initiativa legislativa are si sprijinul acestora multumesc ,"(3066.0, 3177.34)",3066.0,3177.34
54,Doamna Alina-Ștefania Gorghiu:,39506,Domnul Ionuț Neagu:,39707, multumesc doamna presedinta daca din partea celorlalte grupuri parlamentare din partea grupurilor domnul senator neagu aveti cuvantul din partea grupului aur ,"(2173.0, 3862.34)",2173.0,3862.34
55,Domnul Ionuț Neagu:,39707,Doamna Alina-Ștefania Gorghiu:,43738, multumesc doamna presedinta astazi mi am pregatit un discurs lung si nu ca sa va plictisesc ci pentru ca ceea ce legiferam aici schimba vietile oamenilor acest proiect legislativ se inscrie in politicile de maghiarizare duse de ungaria si de udmr falanga sovina cu rol de balama din parlamentul de la bucuresti acest fals partid continua politica de segregare etnica a invatamantului din romania si de ghetoizare a etnicilor maghiari initiativa e inspirata din celebra lege apponyi care a fost o grea lovitura pentru identitatea romanilor din transilvania aceasta infama lege adoptata in anul o mie noua sute doi prevedea trecerea invatamantului confesional catre invatamantul de stat invatamant doar in limba maghiara acest lucru a fost adus la cunostinta lui iorga de catre liderul comunitatii romanilor din comuna cernat de langa targu secuiesc din judetul covasna de unde sunt si eu la acea data existau circa o suta de romani care invatau la acea scoala confesionala astazi nu mai exista niciun roman in cernat asa functioneaza asimilarea fortata si accelerata a romanilor din acest areal la cincizeci si doi de ani dupa abolirea segregarii pe criterii etnice dintre albii si negrii din america in o mie noua sute nouazeci udmr prin presiuni face posibila segregarea pe criterii etnice a scolilor din romania iata o stare de fapt pe care am prezentat o membrilor comisiilor de raport si pe care eu am trait o in anul doua mii unu cand am absolvit liceul din targu secuiesc existau doua licee mixte astazi nu mai exista decat o clasa in limba romana in al doilea municipiu ca marime din judetul covasna anul acesta pentru ca asimilarea romanilor sa fie completa conducerea liceului a propus desfiintarea clasei romanesti copiii urmand sa faca naveta la treizeci de kilometri ne intoarcem astfel la tragica perioada a ocupatiei horthyste romanii fiind iar discriminati in propria tara o vadita nedreptate alta dintr o nesfarsita serie li se face romanilor in special in harghita covasna mures satu mare cluj bacau unde etnicii maghiari au procente mari proiectul ii intoarce pe acesti romani la statutul de natiune tolerata in propria tara atentionez initiatorul ca risca sa fie folosit ca unealta politica aici redau un pasaj din lege pentru a sublinia absurditatea acesteia care desi combate segregarea prin articolul subsecvent prevede o exceptie de la regula astfel nu e segregare construirea unei grupe clase unitati formate preponderent sau doar din cetateni ai unei minoritati in scopul predarii in limba materna a minoritatii exceptia efectiv legifereaza deci normalizeaza discriminarea romanilor ca tradarea sa fie completa prin amendamente adoptate ilegal in comisie sintagma grup etnic ce proteja si romanii minoritari din covasna si harghita s a inlocuit cu sintagma minoritatea nationala s a creat astfel o dubla discriminare negativa pentru romani pozitiva pentru maghiari condamn modul necinstit si arbitrar in care presedinta din partea usr a comisiei pentru drepturile omului a condus sedinta din optsprezece octombrie trecand abuziv peste regulament si anuland votul initial de amanare cu o saptamana a acestei legi cand am cerut explicatii privind delirul care se desfasura presedinta comisiei mi a replicat ca noi avem majoritatea asa sa arate democratia pentru usr doamna presedinta in spiritul transparentei clamate de usr vazand gravele si repetatele abuzuri din comisie va rog sa prezentati public inregistrarea sedintei comisiei din optsprezece octombrie si procesul verbal cu structura nominala a votului pe acest proiect vom vedea cu nume si prenume tradatorii neamului romanesc slugile budapestei din postura de demnitari ai statului roman va rog sa supuneti la vot retrimiterea proiectului de lege la aceasta la comisii pentru a evita o norma dubla discriminatorie va cer sa nu va jucati cu vietile oamenilor nu va dati seama ca acest proiect amplifica tensiunile interetnice multumesc ,"(3195.34, 3442.34)",3195.34,3442.34
56,Doamna Alina-Ștefania Gorghiu:,43738,Domnul Turos Lóránd:,43861, il invit la microfon pe liderul grupului udmr lorand turos microfonul central va rog ,"(3446.34, 3450.34)",3446.34,3450.34
57,Domnul Turos Lóránd:,43861,Doamna Alina-Ștefania Gorghiu:,44810, va multumesc doamna presedinte doamnelor si domnilor senatori apreciez faptul ca unii colegi nu vor ca minoritatile nationale sa fie ghetoizate insa nu vorbim despre asa ceva unitatile de invatamant clasele grupurile in limbile minoritatilor nationale nu e o segregare e o modalitate de a pastra limba cultura identitatea nationala noua nu ne e frica de asta deci sa nu ne apere nimeni va multumesc in alta ordine de idei nu putem avea o dubla masura noi udmr de multe ori in acest parlament am militat pentru respectarea drepturilor romanilor din afara granitelor dorim ca romani din afara granitelor sa aiba scoli clase unitati de invatamant in limba lor materna dorim ca in serbia in ungaria in ucraina sa aiba aceste drepturi in acest caz mi se pare absolut normal si firesc ca si noi sa acordam aceste drepturi minoritatilor conlocuitoare din romania va multumesc ,"(3458.34, 3550.34)",3458.34,3550.34
58,Doamna Alina-Ștefania Gorghiu:,44810,Domnul Titus Corlăţean:,45559, multumesc domnului lider udmr inainte de alte interventii dati mi voie sa supun asa cum imi cere regulamentul solicitarea de retrimitere la comisie facuta de viceliderul grupului aur va rog sa va pregatiti cartelele supun votului dumneavoastra solicitarea de retrimitere la comisie formulata de grupul aur cu patruzeci si sase de voturi pentru impotriva treizeci abtineri douazeci si cinci nu votez doua solicitarea de retrimitere la comisie a fost aprobata o sa va rog sa mi comunicati termenul il invit la microfon pe presedintele comisiei de politica externa domnul corlatean aveti cuvantul ,"(3550.34, 3649.34)",3550.34,3649.34
59,Domnul Titus Corlăţean:,45559,Doamna Alina-Ștefania Gorghiu:,46927, explicatia votului pe scurt eu cel putin eram in favoarea fara sa intru e complexa discutia legata de fondul de ansamblu dar eu am fost in favoarea rediscutarii in comisie pentru un singur subiect sau un subiect principal noi si asta a fost mereu pozitia noastra a psd ului am mers pe necesara prezervare a identitatii minoritatilor nationale in romania la standarde europene noi ne am dus mai sus decat standardele si nu suntem deloc nemultumiti de acest lucru sunt multi altii care ne dau lectii si sunt mult mai jos decat standardele europene in acelasi timp exista aceasta discutie mai veche si o spun absolut colegial ce se intampla cu nivelul de protectie a etnicilor romani a cetatenilor romani de etnie romana in cel putin in doua judete harghita si covasna ei nu sunt minoritati nationale in propria tara dar sunt oameni care au nevoie de o forma de sprijin si de prezervare si a identitatii si acces la institutii si folosirea limbii si asa mai departe ei nu sunt minoritati nationale sunt etnici romani in propria tara si d aia as fi sugerat sa fim totusi atenti in deplina colegialitate si sa cantarim niste lucruri pe care statul roman trebuie sa le faca in acord cu fortele politice dar sa nu ignoram aceasta situatie care este delicata de ani de zile va multumesc ,"(3681.34, 3727.34)",3681.34,3727.34
60,Doamna Alina-Ștefania Gorghiu:,46927,Doamna Evdochia Aelenei:,47081, in regula pe procedura mai erau inscrisi de la usr nu mai era nimeni doamna evdochia aelenei cred aveti cuvantul ,"(330.0, 6654.74)",330.0,6654.74
61,Doamna Evdochia Aelenei:,47081,Doamna Alina-Ștefania Gorghiu:,48472, multumesc doamna presedinte stimati colegi eu n am sa va spun daca este bine sau rau daca i buna sau rea aceasta lege eu o sa va povestesc despre mine si etnia mea sunt rus lipovean si am facut noi niciodata nu am cerut invatamant in limba rusa poate ca de frica ca nu ni se dadea voie sa facem dar la noi in sat nu a fost invatamant in limba rusa cu toate ca nouazeci si noua suntem lipoveni am facut scoala in limba romana am facut clasa intai la mine in sat si la sfarsitul unui an de invatamant eu nu stiam sa vorbesc romaneste parintii mei oameni mai cu cap au vazut si au zis doamne trebuie s o scoatem de aici si m au luat si m au dus pe valea prahovei tocmai ca sa invat romaneste pentru ca au gandit ca dupa ce voi termina scoala eu va trebui sa ma angajez in romania astazi am o unitate de cazare la mamaia si vin copii care traiesc in tara noastra care invata ungureste si care nu stiu sa vorbeasca romaneste deci ganditi va foarte bine la ce v am spus eu si daca se duc in franta sau in spania si acolo o sa le faca scoli in limba franceza spaniola va spun eu o sa stie in limba romana o sa stie romaneste si cand vor trebui sa se angajeze n or sa stie sa vorbeasca limba tarii in care se vor angaja asta i marea problema iar cine vrea sa invete limba materna o invata de la parinti va multumesc ,"(3755.34, 3862.34)",3755.34,3862.34
62,Doamna Alina-Ștefania Gorghiu:,48472,Domnul Sorin Lavric:,49931, multumesc doamna senator declar dezbaterile inchise punctul sase ramane la vot final punctul sapte propunerea legislativa pentru modificarea si completarea legii nr cincizeci si sase doua mii douazeci pentru recunoasterea raportul comisiei pentru sanatate este de admitere a propunerii legislative face parte din categoria legilor ordinare senatul este prima camera sesizata va invit la dezbateri generale il invit la microfon pe domnul senator sorin lavric ,"(3860.34, 3872.34)",3860.34,3872.34
63,Domnul Sorin Lavric:,49931,Doamna Alina-Ștefania Gorghiu:,50937, multumesc doua detalii preliminare doamna senator sbirnea atunci cand ati pronuntat numele lui biden presedintele americii ati ales cel mai neinspirat exemplu pentru ca biden este atins de un alzheimer galopant daca voiati sa faceti apologia persoanelor in varsta a caror inzestrare le recomanda pentru functii de conducere puteati sa alegeti orice alt exemplu dar nu pe biden nu ne putem preface ca nu ne dam seama ca acest om de mult nu se mai afla in deplinatatea facultatilor mentale si este iresponsabil al doilea detaliu preliminar doamna diana sosoaca ati folosit expresia de cu toata condescendenta fata de senatorul virgil guran ati gresit cuvantul condescendenta nu inseamna afectiune sau respect condescendenta inseamna un aer de superioritate ingaduitor daca nu chiar dispretuitor si nu cred ca asta ati vrut sa spuneti in privinta domnului virgil guran bun ,"(4032.34, 4086.34)",4032.34,4086.34
64,Doamna Alina-Ștefania Gorghiu:,50937,Domnul Sorin Lavric:,51001, va rog pe fondul initiativei ,"(1971.0, 2980.0)",1971.0,2980.0
65,Domnul Sorin Lavric:,51001,Doamna Alina-Ștefania Gorghiu:,55288, ce vrea proiectul acesta de lege pe care ni l au inaintat colegii de la udmr vrea sa modifice art sapte din legea nr cincizeci si sase doua mii douazeci aceasta lege a fost votata si publicata in monitorul oficial pe cincisprezece mai doua mii douazeci cand nu mai eram inca in stare de urgenta si o sa vedeti de ce fac aceasta precizare ce spune aceasta lege ea prevede modul in care recunoastem si rasplatim meritele personalului medical care in conditii de pericol maxim au luat parte la actiunile de combatere a epidemiei covid si asta cand in stare de urgenta si atunci aceasta lege prevede o rasplata adica niste sporuri de treizeci din salariul de baza cand inca trei luni dupa incetarea starii de urgenta deci legea aceasta prevedea ca personalul medical si auxiliar sa primeasca aceste sporuri si in lunile mai iunie si iulie nu doar in lunile in care nu s a putut aplica legea si anume in martie aprilie care au fost singurele luni in care am avut stare de urgenta propriu zisa pentru ca dupa aceea stiti foarte bine a urmat starea de alerta asteptam ca domnii de la udmr macar un coleg sa vina aici sa si expuna motivele ca sa intelegem despre ce este vorba in art sapte pe care ei vor sa l modifice se precizeaza sursa de finantare in privinta acestor sporuri iar aceasta sursa este fondul acesta unic de asigurari sociale de la care dansii vor sa ia bani ca sa ii dea cui acelui personal medical care in acele luni deci in doua mii douazeci n a primit sporurile cuvenite si va intreb se poate asa ceva inca un lucru acum nu mai suntem nici in stare de urgenta nici in stare de alerta si in nicio stare nu mai suntem in epidemie desi domnul streinu cercel ne spunea la comisia de sanatate ca inca suntem in epidemie si ca atata vreme cat domnia sa va purta masca acesta este un semn limpede ca inca nu putem rasufla usurati cred ca asa ati spus domnule streinu cercel va amintiti sper sa n aveti dreptate nu suntem in epidemie si daca nu mai suntem in stare de urgenta atunci avem de a face cu o lege al carei obiect nu mai exista vorbim despre decontarea unor servicii medicale in stare de urgenta noi nu mai suntem in stare de urgenta si totusi colegii de la udmr modificand un articol din lege vor sa plateasca retroactiv o stare intr adevar dezagreabila acel personal medical trebuia merita sa si ia sporurile nu le a luat atunci acum doi ani si noi modificand o lege care nu este retroactiva vrem sa indreptam retroactiv acea stare dezagreabila de lucruri se poate asa ceva sau nu se poate eu nu cred ca se poate si in plus acest fond unic al asigurarilor de sanatate si care este controlat de casa nationala de sanatate cum spuneam data trecuta este un uger la care ravnesc multi nu mai au bani exista un deficit colosal in acest fond national de asigurari de sanatate in statisticile pe care le am gasit in doua mii douazeci si unu in primul trimestru deficitul era de zece ori mai mare decat in trimestrul corespunzator din doua mii optsprezece deci in trei ani de zile deficitul s a inzecit si atunci de unde dumnezeu sa mai luam bani ca sa ii dam drept compensatie acelor medici sau asistenti sau infirmiere care nu si au primit sporurile cuvenite acum doi ani de zile si atunci ce i de facut ar trebui o alta lege prin care ministerul sanatatii sa fie obligat ca din bugetul lui propriu de salarii sa gaseasca bani ca sa compenseze acele sporuri pe care nu le au primit pe care nu le a primit personalul medical acum doi ani de zile aceasta ar fi singura solutie altfel a scoate din nou bani din fondul unic de asigurari de sanatate inseamna a le da inca o data prilejul romanilor de a ne arata cu degetul ca bagam mana in banii lor pentru ca ei au contribuit la aceste asigurari de sanatate si foarte multi dintre ei contribuie la ele fara sa aiba vreodata beneficii de pe urma lor daca se imbolnavesc nu se duc la sanatatea publica ci se duc la privati si atunci haideti sa nu le dam acest prilej si in plus ma intreb modificand un articol dintr o lege care nu este retroactiva oare nu cumva incalcam caracterul cu neputinta de a fi retroactiv al unei legi dar tocmai de aceea aur va vota contra raportului de admitere ,"(4096.34, 4376.34)",4096.34,4376.34
66,Doamna Alina-Ștefania Gorghiu:,55288,Doamna Diana Iovanovici-Șoșoacă:,55803, in regula si inainte de a va da dreptul le replica dati mi haideti sa va dau dreptul la replica sa continuam pe fond sa stiti ca a avut dreptate doamna sosoaca tura asta sunteti cu condescendenta chiar da domnule profesor aia i viata mai gresiti uneori e sunt mai multe sensuri primul e ala de care a vorbit doamna sosoaca dar daca va uitati in dex o sa vedeti ca tura asta chiar are dreptate si ati corectat o de pomana ,"(4386.34, 4407.34)",4386.34,4407.34
67,Doamna Diana Iovanovici-Șoșoacă:,55803,Doamna Alina-Ștefania Gorghiu:,56901, multumesc frumos doamna presedinta drept la replica pentru domnul senator lavric si tacuisses philosophus mansisses daca o sa va uitati in dictionarul explicativ al limbii romane primul sens al condescendentei este respect politete deosebita sensul peiorativ al condescendentei este aer de superioritate aroganta daca dumneavoastra nu ati sesizat aerul meu serios si in general in limbaj cititi regulile de folosire a dex ului si a limbajului totusi noi la drept invatam dictionarul explicativ al limbii romane si pe baza acestuia noi dadeam examen si credeti ma ca am avut una dintre cele mai mari note la limba romana la examen deci aici o sa va rog frumos sa va abtineti data viitoare mai ales ca dumneavoastra intr un clip pe care l ati avut pe internet cu privire la vaccinare ati vorbit despre moarte supita in loc de moarte subita daca nu m ati fi provocat n as fi revenit niciodata asupra acestui subiect dar atunci cand nu esti perfect e bine sa nu faci observatii multumesc din suflet ,"(4429.34, 4483.34)",4429.34,4483.34
68,Doamna Alina-Ștefania Gorghiu:,56901,Domnul László Attila:,57079, in regula il invit la microfon pe domnul presedinte laszlo attila aveti cuvantul domnule presedinte va rog sa dati drumul microfonului doi ,"(1971.0, 4493.34)",1971.0,4493.34
69,Domnul László Attila:,57079,Doamna Alina-Ștefania Gorghiu:,58595, multumesc doamna presedinta as dori sa informez colegii de ce a fost nevoie de acest proiect de lege pentru ca in decursul timpului guvernul nostru respectiv si noi parlamentul am aprobat ca acei oameni care lucreaza in aceste institutii au dreptul la niste sporuri fara a preciza de unde provin aceste sporuri cu alte cuvinte institutiile medicale unele au dat sporurile altele nu au dat sporurile cei care au dat s au putut adresa dupa aceea ministerului sanatatii respectiv casei nationale de sanatate sa si primeasca banii inapoi aduceti va aminte in ultimii doi ani cate discutii au fost ca institutiile care se ocupau de pacientii cu covid unele institutii dadeau sporurile altele au dat doar acelor persoane care au intrat in contact direct cu cei care au fost internati iar ceea ce tine de situatia epidemiei cred ca aici domnul profesor streinu cercel ar fi cel mai in masura sa ne informeze dar trebuie sa stiti ca pana in septembrie rata noastra de detectare a cazurilor pozitive a fost de noua procente in octombrie am reusit sa crestem aceasta rata la saisprezece procente acum ganditi va intr o localitate cum este bucurestiul sunt doua sau trei institutii care mai testeaza cat o fi acum rata de detectare a infectiilor si atunci cand vedeti doua sute cinci sute sase sute de cazuri atunci faceti si dumneavoastra calculele care este numarul real de pacienti sau oameni pozitivi in aceasta clipa in fiecare zi in societate multumesc frumos ,"(4505.34, 4604.34)",4505.34,4604.34
70,Doamna Alina-Ștefania Gorghiu:,58595,Domnul Adrian Streinu Cercel:,58701, va multumesc frumos domnule presedinte streinu cercel aveti cuvantul ,"(2173.0, 2174.0)",2173.0,2174.0
71,Domnul Adrian Streinu Cercel:,58701,Doamna Alina-Ștefania Gorghiu:,59175, va multumesc doamna presedinta as vrea sa fac o mica lamurire in legea nr cincizeci si sase doua mii douazeci exista acest articol care stipuleaza ca nu este vorba de sporuri ci este vorba de un singur spor care poate sa ajunga pana la treizeci completarea legislativa vine sa spuna si sursa respectiv sa fie suportat din bugetul fondului national de asigurari sociale de sanatate prin bugetul de stat majoritatea acestor sporuri s au dat deja va multumesc ,"(2173.0, 4644.34)",2173.0,4644.34
72,Doamna Alina-Ștefania Gorghiu:,59175,Doamna Diana Iovanovici-Șoșoacă:,59332, multumesc pe fondul legii mai doriti sa luati cuvantul va rog doamna senator sosoaca ultima interventie pe procedura ,"(2173.0, 3862.34)",2173.0,3862.34
73,Doamna Diana Iovanovici-Șoșoacă:,59332,Doamna Alina-Ștefania Gorghiu:,61763, multumesc frumos nu pot sa fiu de acord cu asa ceva pentru ca pana la urma medicul si a exercitat in toata aceasta situatie plandemica atributiile din fisa postului mai mult decat atat pe fondul unor neconcordante dintre numarul inscris la ins si numarul real de pacienti ma intreb pentru ce trebuie sa achitam noi acesti bani pentru ce poporul roman trebuie sa achite acesti bani nu mai bine ar trebui sa se faca anchete ce se intampla cu cei saizeci zero de morti aruncati in saci negri de plastic fara posibilitatea unei slujbe si fara respectarea demnitatii omului dupa moarte pe care ne o impune inclusiv codul civil este inacceptabil ca tot timpul sa se ceara sporuri sporuri sporuri peste sporuri le ati marit salariile foarte bine e normal au o munca complicata complexa dar de aici pana la a le recompensa sistemul medical in situatii deosebite ce sa recompensam optzeci si ceva la suta din bolnavii de cancer care n au avut acces la ingrijiri medicale si au murit oamenii care au avut diverse alte probleme si nu au fost primiti in spitale oamenii care au fost obligati sa si lase copiii internati in spital si nu au fost lasati sa intre cu acestia pentru ca vezi doamne e covid iar acum nu luam in consideratie nici macar ceea ce spun medicii care s au intors la o suta optzeci de grade si ne dau dreptate noua celor care spuneam aceste lucruri inca din doua mii douazeci asta sa recompensam familiile celor saizeci zero de morti care racnesc din mormant dreptate adevar pe ele cine le recompenseaza eu nu spun ca toti medicii au fost vinovati dar sistemul medical a avut o grava problema un derapaj inimaginabil care a dus la moartea unor oameni si aici nu ma poate minti nimeni pentru ca eu insami am fost in aceste spitale covid am dat si filmari am dat si poze eu insami am facut denunturi penale sunt cu sutele sunt martor in nenumarate cazuri pe mine nu ma poate minti nimeni pentru ca eu am fost acolo am fost inclusiv la sectiile de intubati stiu ce a fost acolo stiu ce s a intamplat am filmat personal si probele sunt depuse in anchetele penale iar noi acum trebuie sa recompensam ce incapacitatea sistemului medical de a face fata unor situatii deosebite despre care acum aflam ca de fapt nu au fost deosebite si ca protocoalele au fost gresite iar medicii trebuiau sa adapteze protocoalele la nivelul fiecarui caz ,"(4666.34, 4849.34)",4666.34,4849.34
74,Doamna Alina-Ștefania Gorghiu:,61763,Doamna Diana Iovanovici-Șoșoacă:,61822, multumim doamna senator ,"(1329.0, 3862.34)",1329.0,3862.34
75,Doamna Diana Iovanovici-Șoșoacă:,61822,Doamna Alina-Ștefania Gorghiu:,61991, pentru ca protocoalele nu sunt obligatorii sunt recomandate si va spune un avocat specializat in malpraxis medical va multumesc ,"(2173.0, 2174.0)",2173.0,2174.0
76,Doamna Alina-Ștefania Gorghiu:,61991,Domnul Adrian Streinu Cercel:,62207, il invit la microfon pe procedura doriti sa dati un drept la replica domnule streinu cercel va rog aveti cuvantul si imediat pe procedura ,"(1971.0, 2980.0)",1971.0,2980.0
77,Domnul Adrian Streinu Cercel:,62207,Doamna Alina-Ștefania Gorghiu:,63221, multumesc doamna presedinta n as vrea sa se inteleaga ca noi nu am trecut prin aceasta pandemie si ca pandemia nu este o realitate din pacate este o realitate cat se poate de cruda iar romania a suferit foarte multe pierderi atat la nivelul pacientilor din societate cat si la nivelul personalului medico sanitar sa nu uitam ca am avut focare deosebit de severe cum a fost focarul de la suceava si nu numai unde o serie dintre colegii nostri si au pierdut viata sa nu bagatelizam aceasta pandemie pandemia ne a pus intr o situatie cu totul si cu totul deosebita si ne a prins cu un sistem sanitar asemanator cu alte sisteme sanitare din lume care nu se asteptau la asa ceva dar ne am revenit din mers medicii si au facut datoria asistentele medicale si au facut datoria cu varf si indesat si ca atare eu zic ca merita tot respectul nostru si evident si aceasta recompensare in spor partidul social democrat va vota pentru va multumesc ,"(4911.34, 4944.34)",4911.34,4944.34
78,Doamna Alina-Ștefania Gorghiu:,63221,Domnul Eugen-Remus Negoi:,63421, multumesc domnule senator il invit la microfon pe domnul e pe procedura domnul neagu in regula domnule senator negoi aveti cuvantul din partea grupului usr ,"(2173.0, 4949.34)",2173.0,4949.34
79,Domnul Eugen-Remus Negoi:,63421,Doamna Alina-Ștefania Gorghiu:,64365, multumesc doamna presedinta as vrea sa fiu foarte scurt in interventie si n o sa am pretentia ca altii ca ma pricep si la domeniul juridic ca ma pricep si la sanatate si la fotbal si la agricultura nici pe departe si o sa fie dezamagiti cei care cred lucrul acesta faptul ca initiativa legislativa propune niste bonusuri pentru cei care erau considerati si sunt considerati si acum niste eroi ai sistemului medical repara o nedreptate faptul ca unii cred ca acesti bani sunt irositi este o aberatie de proportii si as vrea sa spun fara sa vorbesc cu emotie ca cei care doresc sa afle cu adevarat ce a insemnat pandemia pot sa i intrebe pe cei care si au pierdut persoane dragi pot sa verifice cu ce mesaje si cu ce poze pe ultima suta de metri au venit acele persoane care din pacate si au pierdut viata in aceasta pandemie va multumesc usr va vota pentru aceasta initiativa ,"(4958.34, 5021.34)",4958.34,5021.34
80,Doamna Alina-Ștefania Gorghiu:,64365,Domnul Ionuț Neagu:,64456, pe procedura il invit pe domnul senator neagu la cuvant ,"(4949.34, 5024.34)",4949.34,5024.34
81,Domnul Ionuț Neagu:,64456,Doamna Alina-Ștefania Gorghiu:,64802, multumesc doamna presedinta grupul aur cere sa ne puneti la dispozitie lista nominala a votului de retrimitere la comisie a punctului sase l602 si sa ne precizati in baza carui articol din regulament ati calculat ca voturile sunt pentru respingere desi erau mai multe voturi pentru retrimiterea la comisie multumesc ,"(5034.34, 5058.34)",5034.34,5058.34
82,Doamna Alina-Ștefania Gorghiu:,64802,Doamna Diana Iovanovici-Șoșoacă:,65270, doar ratati abtinerile pe care dumneavoastra se pare ca le calculati la pentru o sa va rog sa puneti la dispozitia colegului nostru lista de vot asa cum a solicitat o e vicelider de grup dar puneti o la dispozitia tuturor asa cum au solicitat votul va ascult ,"(5059.34, 5069.34)",5059.34,5069.34
83,Doamna Diana Iovanovici-Șoșoacă:,65270,Doamna Alina-Ștefania Gorghiu:,65536, multumesc in primul rand nu i am pronuntat numele distinsului domn profesor doctor ca sa i se dea drept la replica doi la mana la suceava s a demonstrat ca nu a fost focar si ca de fapt cifrele au fost umflate multumesc ,"(5086.34, 5099.34)",5086.34,5099.34
84,Doamna Alina-Ștefania Gorghiu:,65536,Doamna Anca Dana Dragu:,66084, punctul sapte va ramane la vot final punctul opt propunerea legislativa pentru completarea art saizeci din legea nr doua sute douazeci si sapte doua mii cincisprezece privind codul fiscal raportul comisiei pentru buget finante activitate bancara este de respingere a propunerii propunerea face parte din categoria legilor ordinare senatul este prima camera sesizata incepem dezbaterile va ascult din partea grupurilor parlamentare nu exista interventii exista doamna presedinta dragu va rog aveti cuvantul la punctul opt nu sapte opt ,"(5101.34, 5126.34)",5101.34,5126.34
85,Doamna Anca Dana Dragu:,66084,Doamna Alina-Ștefania Gorghiu:,68158, multumesc doamna presedinta este o initiativa care vine din partea pnl si care doreste extinderea regimului fiscal favorabil in ceea ce priveste impozitarea muncii catre domeniul producerii bauturilor aceasta facilitate se aplica industriei alimentare in agricultura si in constructii dupa cum stiti desi modificarile recente la codul fiscal din iulie fac putin dificila aplicarea pentru doua mii douazeci si trei grupul parlamentar usr se va abtine la aceasta initiativa dar voiam sa subliniez ca este o initiativa care tine cont de realitatea din piata muncii numai ca ar trebui cumva tratata intr o alta ordine ce stim impozitarea muncii este foarte mare in romania astfel incat avem acest indicator saracie a oamenilor care muncesc program complet de opt ore la un nivel foarte ridicat astfel incat in romania in doua mii douazeci si unu doisprezece cinci din cei care au program de munca complet se afla totusi in situatie de saracie deci salariul pe care il incaseaza la un volum de munca de opt ore pe zi o luna intreaga nu acopera nevoile elementare mai stim ca un cos lunar este la peste doi sapte sute de lei si atunci daca punem cap la cap aceste informatii intelegem de ce anumite domenii de activitate sunt cele care dau cei mai multi oameni in saracia in munca si aici m as referi la domeniile precum fabricarea articolelor de imbracaminte unde salariul mediu net este de doi doua sute de lei hoteluri si restaurante numai doi trei sute de lei salariul mediu net fabricarea mobilei doi sase sute si alte activitati industriale putin peste doi sapte sute de lei bun pe scurt intr adevar impozitarea muncii ar trebui redusa dar ar trebui sa ne uitam in special la domeniile care au cea mai mare expunere si prin aceste modificari legislative sa ajutam oamenii care in acest moment se afla in situatia de saracie in munca de altfel noi avem si o initiativa legislativa care va intra in dezbatere cred saptamana viitoare si la plen si de aceea ar fi interesant si important sa votam initiativa usr pentru reducerea impozitarii pe munca multumesc ,"(5145.34, 5311.34)",5145.34,5311.34
86,Doamna Alina-Ștefania Gorghiu:,68158,Domnul Claudiu-Richard Târziu:,68320, va multumesc doamna presedinta il invit la microfon pe domnul senator tarziu liderul grupului aur va rog pe procedura ,"(2173.0, 3862.34)",2173.0,3862.34
87,Domnul Claudiu-Richard Târziu:,68320,Doamna Alina-Ștefania Gorghiu:,69164, doamna presedinte vreau sa nu trecem cu usurinta peste un lucru care mie mi se pare extrem de grav pentru ca introduce un precedent pentru ca nu sunt convins ca dumneavoastra ati mai procedat la fel pana acum cum putem noi sa respingem retrimiterea la comisie cand voturile favorabile sunt mai multe decat cele contra cica adunam si abtinerile pai care e logica in regulament nu exista niciun articol care sa prevada in mod expres acest lucru si doi nu exista nicio logica sa ma mai abtin daca se numara la contra votez contra si gata cand ma abtin stau deoparte nu sunt nici de o parte nici de cealalta nici pentru nici impotriva va rog deci sa luati act de faptul ca proiectul de la punctul sase trebuie retrimis la comisie si va cerem termen doua saptamani multumesc ,"(5328.34, 5384.34)",5328.34,5384.34
